uMarka,urunKategorileri,urunKategorileriTwo,urunKategorileriThree,urunKategorileriFour,urunKategorileriFive,urunKategorileriSix,urunKategorileriSeven,urunAdi,urunAciklama,urunFoto,urunURL
,,,,,,,,,,,
Çağrı Kasap,EtTavukHindi,Kuşbaşılık Dana Eti,,,,,,Dana Kuşbaşı kg,,https://www.cagri.com/Uploads/UrunResimleri/thumb/dana-kusbasi-kg-d66e.jpg,https://www.cagri.com/dana-kusbasi-kg
Çağrı Kasap,EtTavukHindi,Kemikli Dana Eti,,,,,,Dana Haşlama Kemikli kg,,https://www.cagri.com/Uploads/UrunResimleri/thumb/dana-haslama-kemikli-kg-5a82.jpg,https://www.cagri.com/dana-haslama-kemikli-et-kg
Çağrı Kasap,EtTavukHindi,Kasap Ürünleri,,,,,,Dana Tbone Steak kg,,https://www.cagri.com/Uploads/UrunResimleri/thumb/dana-tbone-steak-kg-7c46.jpg,https://www.cagri.com/dana-t-bone-steak-kg
Çağrı Kasap,EtTavukHindi,Kasap Ürünleri,,,,,,Dana Dallas Steak kg,,https://www.cagri.com/Uploads/UrunResimleri/thumb/dana-dallas-steak-kg-fc8c.jpg,https://www.cagri.com/dana-dallas-steak-kg
Çağrı Kasap,EtTavukHindi,Kasap Ürünleri,,,,,,Dana Tranç kg,,https://www.cagri.com/Uploads/UrunResimleri/thumb/dana-tranc-kg-d9ad.jpg,https://www.cagri.com/dana-tranc-kg
Çağrı Kasap,EtTavukHindi,Et Köfte,,,,,,Dana Çağrı Izgara Köfte kg,,https://www.cagri.com/Uploads/UrunResimleri/thumb/dana-cagri-izgara-kofte-kg-a769.jpg,https://www.cagri.com/dana-cagri-izgara-kofte-kg
Çağrı Kasap,EtTavukHindi,Kasap Ürünleri,,,,,,Dana Antrikot kg,,https://www.cagri.com/Uploads/Images/load.gif,https://www.cagri.com/dana-antrikot-kg
Çağrı Kasap,EtTavukHindi,Kasap Ürünleri,,,,,,Dana Kontrafile kg,,https://www.cagri.com/Uploads/Images/load.gif,https://www.cagri.com/dana-kontrafile-kg
Çağrı Kasap,EtTavukHindi,Kıymalık Dana Eti,,,,,,Dana Döş Kıyma kg,,https://www.cagri.com/Uploads/Images/load.gif,https://www.cagri.com/dana-dos-rulo-kg
Çağrı Kasap,EtTavukHindi,Kuşbaşılık Dana Eti,,,,,,Dana Sote kg,,https://www.cagri.com/Uploads/Images/load.gif,https://www.cagri.com/dana-sote-kg
Çağrı Kasap,EtTavukHindi,Kuşbaşılık Dana Eti,,,,,,Dana Kavurmalık Kuşbaşı kg,,https://www.cagri.com/Uploads/Images/load.gif,https://www.cagri.com/dana-kavurmalik-kusbasi-kg
Çağrı Kasap,EtTavukHindi,Kuşbaşılık Dana Eti,,,,,,Dana Kuşbaşı Eko kg,,https://www.cagri.com/Uploads/Images/load.gif,https://www.cagri.com/dana-kusbasi-eko-kg
Çağrı Kasap,EtTavukHindi,Kuşbaşılık Dana Eti,,,,,,Dana Parça Et kg,,https://www.cagri.com/Uploads/Images/load.gif,https://www.cagri.com/dana-eti-parcali-kg
Çağrı Kasap,EtTavukHindi,Kuşbaşılık Dana Eti,,,,,,Dana Straganof kg,,https://www.cagri.com/Uploads/Images/load.gif,https://www.cagri.com/dana-stroganoff-kg
Çağrı Kasap,EtTavukHindi,Kemiksiz Kuzu Eti,,,,,,Kuzu Kuşbaşı kg,,https://www.cagri.com/Uploads/Images/load.gif,https://www.cagri.com/kuzu-kusbasi-kg
Çağrı Kasap,EtTavukHindi,Kemikli Kuzu Eti,,,,,,Kuzu İncik kg,,https://www.cagri.com/Uploads/Images/load.gif,https://www.cagri.com/kuzu-incik-kg
Çağrı Kasap,EtTavukHindi,Kemiksiz Kuzu Eti,,,,,,Kuzu Pirzola kg,,https://www.cagri.com/Uploads/Images/load.gif,https://www.cagri.com/kuzu-pirzola-kg
Çağrı Kasap,EtTavukHindi,Kemikli Kuzu Eti,,,,,,Kuzu Kol kg,,https://www.cagri.com/Uploads/Images/load.gif,https://www.cagri.com/kuzu-kol-kg
Çağrı Kasap,EtTavukHindi,Kemikli Kuzu Eti,,,,,,Kuzu But kg,,https://www.cagri.com/Uploads/Images/load.gif,https://www.cagri.com/kuzu-but-kg
Çağrı Kasap,EtTavukHindi,Kemiksiz Kuzu Eti,,,,,,Kuzu Külbastı kg,,https://www.cagri.com/Uploads/Images/load.gif,https://www.cagri.com/kuzu-kulbasti-kg
Çağrı Kasap,EtTavukHindi,Kemiksiz Kuzu Eti,,,,,,Kuzu Şiş kg,,https://www.cagri.com/Uploads/Images/load.gif,https://www.cagri.com/kuzu-sis-kg
Çağrı Kasap,EtTavukHindi,Kemikli Kuzu Eti,,,,,,Kuzu Haşlama kg,,https://www.cagri.com/Uploads/Images/load.gif,https://www.cagri.com/kuzu-haslama-kg
Çağrı Kasap,EtTavukHindi,Kemikli Kuzu Eti,,,,,,Kuzu Kapama kg,,https://www.cagri.com/Uploads/Images/load.gif,https://www.cagri.com/kuzu-kapama-kg
Çağrı Kasap,EtTavukHindi,Kasap Ürünleri,,,,,,Dana Ossobuco kg,,https://www.cagri.com/Uploads/Images/load.gif,https://www.cagri.com/dana-ossobuco-kg
Gedik Piliç,EtTavukHindi,"Parça Piliç, Kanat, But, Göğüs",,,,,,Gedik Piliç Sarma kg,,https://www.cagri.com/Uploads/Images/load.gif,https://www.cagri.com/gedik-pilic--sarma-kg
Gedik Piliç,EtTavukHindi,"Parça Piliç, Kanat, But, Göğüs",,,,,,Gedik Piliç But kg,,https://www.cagri.com/Uploads/Images/load.gif,https://www.cagri.com/gedik-pilic-but-kg
Gedik Piliç,EtTavukHindi,"Parça Piliç, Kanat, But, Göğüs",,,,,,Gedik Piliç Baget kg,,https://www.cagri.com/Uploads/Images/load.gif,https://www.cagri.com/gedik-pilic-baget-kg
Gedik Piliç,EtTavukHindi,"Parça Piliç, Kanat, But, Göğüs",,,,,,Gedik Piliç Göğüs kg,,https://www.cagri.com/Uploads/Images/load.gif,https://www.cagri.com/gedik-pilic-gogus-kg
Gedik Piliç,EtTavukHindi,Bütün Piliç,,,,,,Gedik Piliç Bütün kg,,https://www.cagri.com/Uploads/Images/load.gif,https://www.cagri.com/gedik-pilic-butun-kg
Gedik Piliç,EtTavukHindi,"Parça Piliç, Kanat, But, Göğüs",,,,,,Gedik Piliç Pirzola kg,,https://www.cagri.com/Uploads/Images/load.gif,https://www.cagri.com/gedik-pilic-pirzola-kg
Gedik Piliç,EtTavukHindi,"Parça Piliç, Kanat, But, Göğüs",,,,,,Gedik Piliç Fleto kg,,https://www.cagri.com/Uploads/Images/load.gif,https://www.cagri.com/gedik-pilic-fleto-kg
Gedik Piliç,EtTavukHindi,"Parça Piliç, Kanat, But, Göğüs",,,,,,Gedik Piliç But Izgara kg,,https://www.cagri.com/Uploads/Images/load.gif,https://www.cagri.com/gedik-pilic-but-izgara-kg
Gedik Piliç,EtTavukHindi,"Parça Piliç, Kanat, But, Göğüs",,,,,,Gedik Piliç Soslu Pirzola kg,,https://www.cagri.com/Uploads/Images/load.gif,https://www.cagri.com/gedik-pilic-soslu-pirzola-kg
Gedik Piliç,EtTavukHindi,"Parça Piliç, Kanat, But, Göğüs",,,,,,Gedik Piliç Soslu Kanat kg,,https://www.cagri.com/Uploads/Images/load.gif,https://www.cagri.com/gedik-pilic-soslu-kanat-kg
Gedik Piliç,EtTavukHindi,"Parça Piliç, Kanat, But, Göğüs",,,,,,Gedik Piliç İnce Göğüs kg,,https://www.cagri.com/Uploads/Images/load.gif,https://www.cagri.com/gedik-pilic-ince-gogus-kg
Gedik Piliç,EtTavukHindi,"Hazır Schnitzel, Nugget, Döner, Köfte",,,,,,Gedik Piliç Nugget 600 gr,,https://www.cagri.com/Uploads/Images/load.gif,https://www.cagri.com/gedik-pilic-nugget-600-gr-16245
Gedik Piliç,EtTavukHindi,"Hazır Schnitzel, Nugget, Döner, Köfte",,,,,,Gedik Piliç Döner 500 gr,,https://www.cagri.com/Uploads/Images/load.gif,https://www.cagri.com/gedik-pilic-doner-500-gr-16244
Gedik Piliç,EtTavukHindi,"Hazır Schnitzel, Nugget, Döner, Köfte",,,,,,Gedik Piliç Şinitzel 600 gr,,https://www.cagri.com/Uploads/Images/load.gif,https://www.cagri.com/gedik-pilic-sinitzel-600-gr-16216
Gedik Piliç,EtTavukHindi,"Parça Piliç, Kanat, But, Göğüs",,,,,,Gedik Piliç Uçlu Kanat kg,,https://www.cagri.com/Uploads/Images/load.gif,https://www.cagri.com/gedik-pilic-uclu-kanat-kg
Gedik Piliç,EtTavukHindi,"Hazır Schnitzel, Nugget, Döner, Köfte",,,,,,Gedik Piliç Cordon Blue 600 gr,,https://www.cagri.com/Uploads/Images/load.gif,https://www.cagri.com/gedik-pilic-cordon-blue-600-gr-18353
Beşler,EtTavukHindi,Pişmiş Ürünler,,,,,,Beşler Döner 200 gr,,https://www.cagri.com/Uploads/Images/load.gif,https://www.cagri.com/besler-doner-200-gr
